Name,Email,Phone
Som ilays group of companies LTD,somilaysgoup@gmail.com,+252 61 4499494
Tilman Travel Agency,tilmantravelagency@gmail.com,+252 61 1138441
Concern Worldwide Somalia/Somaliland,somalia.admin@concern.net,Not found
Somalia funny,Not found,+252 61 1114545
Somalia Media Services,Not found,Not found
UN in Somalia,Not found,Not found
Somtel Somalia,somtel.marketing@somtelnetwork.net,Not found
WHO SomaliaÂ Verified account,Not found,+252 61 9235467
Not found,Not found,Not found
Somalia Gifts,Not found,Not found
Help Somalia,Not found,Not found
Somalia Tv,Not found,Not found
